"month","month_name","temp_1995_2009","temp_2010_2024","difference"
1,"January",-2.31873523650974,-1.45889174643982,0.859843490069923
2,"February",-0.285747448989283,0.883270444127817,1.1690178931171
3,"March",3.66495687646306,4.90436464824061,1.23940777177755
4,"April",9.62203090816211,10.3641088996613,0.742077991499221
5,"May",15.4252721942322,15.2364273982187,-0.188844796013415
6,"June",18.9690449594662,19.7748006972648,0.805755737798673
7,"July",20.8235331987729,21.7104841761174,0.886950977344547
8,"August",20.0172155388304,21.6290287994736,1.61181326064323
9,"September",14.4774043012599,16.5606104829341,2.0832061816742
10,"October",9.72207508225687,10.255076136413,0.533001054156097
11,"November",4.12619743389163,5.43228322559219,1.30608579170056
12,"December",-1.22392365779313,0.736196436457846,1.96012009425098
